order_id,customer_id,product_id,quantity,amount,order_ts,status
524,99,460,1,381.47,2026-03-16 05:16:28,completed
603,32,5,5,1702.35,2026-03-08 12:19:58,completed
527,2,294,2,364.1,2026-03-25 02:27:41,completed
32,53,419,1,361.29,2026-01-21 10:50:08,completed
617,30,399,4,28.52,2026-01-23 11:33:54,completed
586,62,370,2,939.42,2026-03-25 05:39:30,completed
445,74,126,1,101.59,2026-02-15 18:05:05,cancelled
733,77,422,4,1504.4,2026-03-24 22:42:24,completed
77,98,165,4,1098.2,2026-01-30 17:13:26,completed
412,59,235,3,1464.21,2026-01-21 16:03:25,completed
569,31,158,5,1206.05,2026-02-27 19:56:35,completed
71,10,455,4,1752.72,2026-03-13 14:40:07,completed
676,37,136,5,2347.8,2026-03-07 07:32:44,cancelled
102,99,272,3,514.14,2026-01-18 23:48:06,completed
895,49,270,1,161.6,2026-03-09 10:45:21,cancelled
926,10,51,1,27.75,2026-03-27 03:24:46,completed
630,36,15,1,207.97,2026-02-02 23:24:27,completed
300,10,424,1,197.6,2026-01-02 22:40:55,completed
925,34,456,2,232.18,2026-01-23 08:18:19,completed
425,32,151,2,367.98,2026-02-07 12:47:50,completed
97,54,308,5,566.65,2026-01-22 13:26:41,completed
901,35,466,3,878.88,2026-01-01 09:27:32,completed
261,23,497,2,53.74,2026-03-13 09:55:25,completed
351,61,114,1,398.4,2026-02-17 23:37:07,completed
529,45,14,1,77.98,2026-03-24 08:58:35,completed
695,71,294,1,340.6,2026-01-09 02:37:39,completed
362,79,401,1,191.48,2026-03-22 04:06:42,completed
612,33,123,1,389.02,2026-02-11 15:38:47,completed
885,1,66,4,680.44,2026-03-15 04:47:22,returned
721,58,490,1,17.1,2026-01-13 12:31:57,completed
487,55,107,1,490.79,2026-01-31 01:58:02,completed
694,87,117,2,739.16,2026-03-27 03:25:06,completed
679,66,306,5,2194.8,2026-02-17 02:10:16,completed
810,81,190,5,239.6,2026-03-31 17:35:41,completed
409,27,280,1,434.32,2026-03-26 02:14:40,completed
741,27,376,3,379.86,2026-03-15 12:58:00,completed
214,72,308,5,978.8,2026-02-10 10:37:15,completed
590,30,424,1,89.05,2026-03-17 22:07:18,completed
366,84,77,1,263.51,2026-02-16 16:44:02,completed
200,24,476,4,1474.76,2026-03-28 13:41:56,cancelled
637,83,128,1,204.66,2026-01-22 04:33:49,completed
629,77,223,2,203.54,2026-02-15 10:54:59,completed
829,92,60,4,1844.92,2026-03-19 17:02:17,cancelled
353,56,61,3,437.34,2026-01-27 21:24:12,completed
330,88,246,2,168.98,2026-02-19 22:28:52,completed
982,96,396,4,768.84,2026-03-05 04:19:28,completed
838,7,18,2,437.62,2026-01-18 20:07:16,completed
245,36,176,5,909.5,2026-02-26 14:05:23,completed
287,72,144,5,993.95,2026-01-15 11:48:03,completed
290,31,146,4,1144.52,2026-02-12 14:44:13,completed
599,96,377,5,2034.65,2026-02-26 12:05:23,returned
762,85,81,3,266.16,2026-02-19 18:27:54,completed
60,60,316,2,704.38,2026-03-03 11:23:08,completed
623,83,101,5,2029.6,2026-01-15 20:39:38,completed
319,86,382,3,1119.03,2026-03-26 11:43:27,completed
11,36,423,2,663.36,2026-02-17 09:11:40,completed
238,11,412,1,214.25,2026-02-08 21:19:15,completed
332,28,403,4,1003.24,2026-02-03 09:11:31,completed
706,24,408,5,2466.9,2026-02-20 20:17:35,completed
87,27,416,5,1917.55,2026-01-09 18:00:34,completed
804,80,466,2,696.6,2026-03-24 15:50:04,completed
175,41,103,1,254.57,2026-03-04 17:01:29,completed
313,35,105,4,1166.36,2026-01-11 16:46:06,completed
463,59,354,1,95.49,2026-03-09 09:27:53,completed
219,53,26,5,1699.7,2026-02-10 05:34:16,completed
31,55,159,3,-849.3,2026-02-10 12:59:33,completed
548,85,25,5,1885.65,2026-02-23 04:52:14,returned
665,32,274,3,1377.33,2026-02-23 18:28:52,completed
55,1,25,1,145.34,2026-02-14 19:13:47,completed
24,29,210,5,1340.25,2026-03-25 09:48:44,completed
257,33,30,2,756.72,2026-03-02 23:50:18,completed
451,86,128,2,-802.58,2026-03-28 10:12:51,completed
4,45,342,5,402.0,2026-02-09 11:58:38,completed
834,24,123,1,94.54,2026-01-13 20:55:38,completed
553,,329,3,464.91,2026-03-16 12:57:02,completed
639,62,55,1,126.71,2026-03-13 08:20:39,completed
478,37,354,2,994.86,2026-01-02 14:31:38,cancelled
957,17,109,3,832.23,2026-02-06 01:41:36,returned
663,16,431,1,392.54,2026-01-04 03:55:04,cancelled
519,72,284,3,244.32,2026-02-12 18:54:33,completed
961,39,88,5,1546.45,2026-01-14 19:26:18,completed
954,15,327,3,1455.75,2026-02-08 12:16:15,completed
980,61,306,4,446.2,2026-02-20 22:04:02,completed
576,77,270,2,232.92,2026-02-03 15:00:23,completed
540,87,496,4,-907.52,2026-01-02 21:40:46,completed
216,100,117,1,263.35,2026-01-25 12:02:30,completed
738,37,466,1,111.88,2026-01-31 00:39:27,completed
999,68,377,2,847.24,2026-03-28 13:25:33,completed
714,49,331,4,1769.4,2026-03-10 18:04:28,completed
668,14,414,4,470.76,2026-03-19 11:09:11,completed
40,38,108,5,336.35,2026-02-26 20:23:42,completed
232,93,248,4,1179.84,2026-03-19 02:17:12,completed
495,31,388,3,650.82,2026-01-27 02:05:18,completed
705,74,156,5,1198.0,2026-01-12 15:22:29,completed
968,34,304,3,1275.72,2026-01-29 12:48:30,completed
67,86,264,5,1014.2,2026-03-23 11:57:26,completed
295,93,462,5,880.7,2026-02-19 01:12:34,completed
68,43,9,4,1377.16,2026-02-03 08:11:34,completed
480,54,288,3,724.74,2026-01-10 19:45:03,completed
329,5,92,4,555.28,2026-01-13 17:07:34,completed
627,1,210,3,566.73,2026-01-31 10:35:30,cancelled
108,85,476,5,990.4,2026-03-01 20:04:40,completed
984,41,411,4,498.56,2026-02-28 07:34:07,completed
347,5,249,5,1076.8,2026-03-31 05:23:12,completed
299,4,85,3,1088.82,2026-01-26 14:38:50,completed
644,7,340,3,312.84,2026-02-13 06:45:59,completed
308,80,373,2,672.26,2026-02-19 20:43:05,completed
855,6,206,1,425.62,2026-01-26 21:38:49,completed
507,29,55,5,1848.0,2026-02-17 18:59:44,completed
297,45,3,2,103.7,2026-03-18 11:31:12,completed
881,39,78,2,510.44,2026-01-08 17:48:46,completed
667,31,102,4,1699.8,2026-02-15 07:08:18,completed
101,10,276,3,26.16,2026-03-16 22:42:40,returned
89,99,69,4,971.6,2026-03-11 02:32:34,completed
64,52,320,4,1258.44,2026-03-29 01:49:15,cancelled
844,20,4,5,2354.15,2026-01-04 06:06:41,completed
889,34,332,1,426.01,2026-01-02 10:01:07,cancelled
140,51,498,3,1013.31,2026-02-09 07:18:34,completed
758,14,265,4,1945.24,2026-02-04 11:58:14,completed
616,44,366,1,110.47,2026-02-27 13:27:23,completed
500,35,17,5,1664.75,2026-02-08 07:54:19,cancelled
666,83,232,2,852.48,2026-03-04 12:45:50,completed
585,59,230,4,1220.48,2026-02-06 08:50:24,cancelled
110,33,143,1,100.33,2026-03-05 11:09:25,cancelled
917,11,163,2,663.38,2026-02-18 20:54:27,completed
651,40,465,1,136.69,2026-02-14 00:47:11,completed
534,76,223,1,353.99,2026-01-26 14:59:43,completed
446,42,178,1,286.44,2026-03-01 15:47:12,completed
606,48,31,5,708.6,2026-02-18 05:54:25,completed
137,98,230,4,933.2,2026-02-24 06:07:50,completed
812,25,325,4,893.12,2026-03-21 03:04:19,completed
515,92,255,2,895.74,2026-03-28 07:44:59,cancelled
754,88,138,2,813.64,2026-03-26 06:02:07,completed
159,20,69,2,441.96,2026-02-15 10:50:00,cancelled
311,52,456,3,597.84,2026-03-01 22:32:09,cancelled
328,43,123,1,284.71,2026-01-04 08:48:40,completed
137,98,230,4,933.2,2026-02-24 06:07:50,completed
936,60,142,1,55.88,2026-03-26 15:41:02,completed
255,35,173,4,261.48,2026-03-01 10:53:38,completed
276,78,105,4,655.76,2026-02-13 09:46:31,completed
902,66,77,3,47.25,2026-01-04 19:28:37,completed
185,6,391,3,275.4,2026-02-14 14:33:06,completed
583,17,355,3,611.46,2026-01-10 14:33:46,completed
661,84,65,4,340.64,2026-01-16 21:42:46,completed
897,86,11,3,988.98,2026-02-15 20:07:00,completed
210,61,16,5,1061.15,2026-03-12 02:06:07,completed
169,51,177,5,2052.5,2026-01-31 02:04:10,completed
867,47,360,1,466.8,2026-03-15 18:46:02,completed
281,,357,4,730.16,2026-01-25 19:49:48,completed
900,59,438,2,64.38,2026-02-25 11:13:38,completed
542,63,81,2,248.34,2026-01-05 23:39:14,completed
56,38,452,5,1694.95,2026-01-04 22:36:58,completed
121,73,408,1,333.41,2026-02-09 13:33:55,completed
555,71,278,3,365.46,2026-03-30 14:21:11,completed
26,14,60,1,154.73,2026-02-27 22:44:55,completed
73,84,88,4,899.0,2026-02-11 15:57:05,completed
539,84,409,4,1633.84,2026-02-18 15:00:49,completed
45,42,405,4,59.12,2026-01-07 02:42:25,completed
498,39,249,4,1269.52,2026-02-03 16:14:15,completed
199,96,285,5,740.5,2026-01-31 12:07:07,completed
378,27,128,4,1745.4,2026-03-09 05:03:56,cancelled
315,,205,5,120.4,2026-01-22 22:45:58,completed
719,41,4,3,992.85,2026-01-22 05:07:49,cancelled
209,23,246,2,267.58,2026-01-24 17:12:49,completed
722,84,208,4,455.92,2026-03-25 19:28:12,completed
919,85,341,3,905.16,2026-01-23 21:40:50,completed
536,51,338,1,243.16,2026-01-14 19:48:17,completed
696,84,33,4,1055.72,2026-01-23 19:18:28,completed
605,22,305,1,121.45,2026-03-16 08:16:42,cancelled
591,70,41,4,406.48,2026-03-14 01:30:16,completed
291,7,415,2,467.2,2026-03-14 16:24:37,completed
960,95,438,1,308.84,2026-02-07 01:30:41,completed
333,87,196,3,811.68,2026-01-28 21:30:13,completed
211,16,51,4,1520.68,2026-01-24 12:03:44,completed
343,47,284,1,243.47,2026-02-25 23:13:03,completed
61,15,270,4,1906.8,2026-03-25 00:39:36,completed
345,38,143,1,491.16,2026-03-23 11:56:58,completed
891,84,373,1,117.79,2026-01-09 23:57:27,completed
712,80,470,3,583.44,2026-02-17 00:53:04,completed
468,95,168,2,236.36,2026-02-23 15:27:06,completed
424,46,124,4,-784.96,2026-02-22 07:12:42,completed
260,3,121,5,2491.8,2026-02-22 21:18:44,completed
781,85,97,1,89.01,2026-03-21 00:20:21,completed
406,90,194,1,146.59,2026-02-15 01:36:03,completed
789,31,273,3,1286.76,2026-02-19 00:08:29,completed
768,1,165,3,124.98,2026-02-13 03:26:17,completed
484,7,423,1,117.84,2026-03-13 17:07:29,completed
531,4,296,1,157.62,2026-02-23 20:53:19,completed
811,21,334,2,230.14,2026-01-04 23:24:33,completed
1000,50,50,2,524.88,2026-02-16 03:31:00,completed
967,23,360,2,732.48,2026-02-24 03:23:54,completed
111,1,275,4,324.84,2026-01-25 22:34:57,completed
996,22,106,1,378.12,2026-02-26 08:11:13,completed
559,76,264,5,1616.4,2026-03-13 08:07:36,completed
794,26,488,2,692.02,2026-03-16 06:51:46,completed
937,97,80,2,480.28,2026-01-15 05:06:47,completed
920,53,458,3,1430.43,2026-02-27 06:38:31,completed
943,84,100,5,1049.5,2026-03-24 05:37:34,completed
320,5,113,2,853.62,2026-03-11 04:16:42,completed
517,36,263,3,179.43,2026-03-21 08:19:33,completed
450,90,84,1,104.92,2026-01-26 18:43:25,completed
784,76,491,5,405.0,2026-01-11 23:21:02,completed
594,73,314,1,-204.43,2026-03-30 03:52:21,completed
910,63,259,5,2235.3,2026-01-09 06:07:02,completed
744,33,229,1,479.47,2026-01-25 08:21:19,completed
138,26,328,2,430.52,2026-01-03 18:33:59,completed
800,56,211,3,938.46,2026-02-09 19:23:54,completed
934,83,161,5,2031.05,2026-02-28 10:20:37,completed
823,91,437,2,533.38,2026-01-13 06:53:34,completed
766,16,275,5,201.5,2026-03-12 05:27:04,completed
262,21,42,5,1018.15,2026-01-16 08:28:50,completed
568,71,176,4,51.28,2026-01-23 10:40:37,completed
833,39,412,3,684.12,2026-02-10 19:06:41,completed
382,12,475,2,45.54,2026-03-26 07:30:59,cancelled
334,90,448,5,2414.4,2026-03-16 16:20:45,completed
537,9,28,1,392.19,2026-02-11 00:13:16,completed
352,57,251,2,839.34,2026-01-05 01:00:24,completed
786,36,309,2,843.64,2026-02-22 22:38:14,cancelled
452,26,371,1,310.81,2026-03-25 05:35:10,completed
79,25,404,3,953.82,2026-02-20 19:19:11,completed
30,42,117,2,409.1,2026-02-09 21:46:28,completed
713,89,232,5,2450.45,2026-03-07 11:56:14,returned
278,77,412,4,224.52,2026-03-12 10:42:29,completed
248,20,466,3,320.01,2026-02-07 10:08:38,completed
658,58,407,5,2120.5,2026-02-26 23:06:07,completed
307,74,197,2,601.42,2026-01-28 04:42:26,completed
166,69,39,1,431.1,2026-03-15 06:17:02,completed
817,88,204,2,762.82,2026-01-04 21:21:11,completed
179,47,44,2,227.0,2026-03-23 01:20:34,completed
486,37,88,5,150.8,2026-01-21 22:30:14,completed
66,35,346,2,976.36,2026-01-30 07:46:57,completed
142,86,8,2,789.58,2026-01-20 07:30:10,completed
437,66,203,3,339.78,2026-02-21 01:19:46,completed
523,54,376,1,442.0,2026-01-18 07:22:15,completed
845,76,437,4,351.4,2026-01-01 11:49:20,returned
421,73,401,5,1769.45,2026-03-25 11:24:18,cancelled
405,27,13,1,98.73,2026-02-14 22:30:11,cancelled
680,7,23,3,798.27,2026-03-26 05:37:48,completed
266,100,444,1,404.06,2026-02-22 07:05:31,completed
880,76,6,1,282.58,2026-02-26 16:49:32,completed
293,50,170,3,838.29,2026-03-27 20:08:57,completed
222,52,444,3,330.24,2026-02-11 00:28:36,completed
828,54,337,5,1216.95,2026-03-22 17:35:31,completed
236,4,431,2,108.16,2026-03-06 18:02:23,completed
526,46,51,1,91.71,2026-01-28 22:19:22,completed
193,75,249,1,438.17,2026-02-24 15:32:39,completed
322,45,421,2,471.1,2026-01-10 16:43:13,completed
50,46,457,1,127.11,2026-03-12 01:18:30,completed
892,58,210,2,761.74,2026-03-05 21:23:38,completed
3,4,314,3,206.61,2026-02-28 21:52:28,completed
818,33,462,2,477.84,2026-01-10 13:51:58,completed
371,56,392,5,264.6,2026-01-31 04:51:38,cancelled
922,88,399,3,-460.89,2026-02-21 12:24:44,cancelled
250,38,286,5,2325.9,2026-01-04 17:53:11,completed
549,53,110,3,481.05,2026-02-16 10:33:01,completed
433,90,167,1,22.41,2026-03-16 08:03:37,returned
939,30,497,5,632.8,2026-02-11 13:10:56,completed
508,59,41,3,697.68,2026-01-23 07:20:00,completed
34,28,73,2,908.02,2026-02-19 21:54:11,completed
205,30,262,4,72.64,2026-02-11 04:01:18,cancelled
890,49,142,3,677.73,2026-01-25 08:50:20,completed
589,61,405,5,758.35,2026-03-17 08:12:10,completed
731,92,418,4,1891.4,2026-03-07 14:13:53,cancelled
78,61,7,1,247.46,2026-01-21 10:07:27,completed
85,51,260,2,978.42,2026-02-26 16:17:27,completed
306,78,407,4,1856.44,2026-01-13 14:56:16,completed
83,77,1,5,2311.6,2026-01-15 11:05:11,completed
449,56,215,4,1259.44,2026-02-16 21:24:32,completed
998,82,490,5,854.25,2026-02-02 11:01:11,completed
752,15,109,5,523.8,2026-01-14 07:12:43,completed
532,13,473,1,68.0,2026-01-15 21:32:54,completed
324,27,199,5,1971.95,2026-03-24 10:35:08,completed
496,63,94,3,962.34,2026-02-07 03:09:16,completed
911,95,99,1,10.45,2026-03-11 07:44:48,completed
6,96,476,5,997.5,2026-03-19 06:34:17,completed
426,88,125,5,994.0,2026-01-18 23:30:55,completed
491,19,237,2,69.72,2026-03-25 23:45:48,completed
98,15,160,4,1635.8,2026-03-03 10:11:25,completed
762,85,81,3,266.16,2026-02-19 18:27:54,completed
423,77,37,3,692.76,2026-03-10 22:57:58,completed
886,21,408,1,168.69,2026-03-08 02:46:53,completed
282,90,359,4,829.16,2026-02-13 19:10:55,completed
267,36,272,1,89.32,2026-02-10 05:36:08,completed
443,69,462,5,405.15,2026-01-12 21:35:17,completed
746,31,11,5,1598.0,2026-02-02 18:39:17,completed
383,36,195,2,539.26,2026-03-27 07:05:59,cancelled
693,100,443,4,508.52,2026-03-25 19:45:44,completed
894,5,163,4,61.88,2026-03-30 05:14:32,completed
535,3,45,5,198.1,2026-02-21 23:13:04,completed
119,21,437,4,555.84,2026-01-23 02:14:21,completed
389,34,249,5,2259.9,2026-03-22 06:31:43,completed
251,42,75,2,108.84,2026-01-17 03:37:33,returned
944,87,326,1,92.45,2026-02-12 16:12:16,completed
454,71,393,2,949.36,2026-01-03 05:41:47,completed
10,12,139,3,699.72,2026-01-09 11:25:23,completed
197,56,469,4,457.16,2026-01-31 19:59:45,completed
619,64,452,1,497.07,2026-01-06 12:02:51,completed
82,29,254,5,2283.85,2026-02-09 08:14:53,completed
399,7,468,1,285.89,2026-01-26 05:53:55,completed
502,54,113,2,960.98,2026-02-28 16:10:15,completed
635,11,384,3,1474.74,2026-01-17 11:05:53,completed
240,25,452,1,71.67,2026-02-26 10:59:13,completed
310,61,227,5,2365.15,2026-01-10 18:31:24,completed
212,72,73,4,1656.68,2026-03-06 12:28:58,completed
835,98,128,3,337.11,2026-03-18 21:23:19,completed
381,95,83,5,1091.9,2026-01-01 11:27:47,completed
602,95,500,4,297.32,2026-03-12 02:37:55,completed
228,62,387,5,-1203.35,2026-02-22 03:06:51,completed
874,59,161,5,2463.0,2026-01-12 05:50:06,completed
360,97,171,2,171.76,2026-03-09 08:59:35,completed
814,56,484,3,367.05,2026-01-26 13:14:32,completed
178,72,226,1,-187.11,2026-01-15 12:20:49,completed
995,65,67,4,961.12,2026-02-17 16:04:24,completed
757,58,166,2,149.62,2026-03-08 08:58:52,completed
494,27,104,2,783.94,2026-02-24 06:42:41,completed
335,92,304,3,1445.91,2026-02-11 09:40:23,completed
893,6,63,5,1396.1,2026-02-17 00:42:53,completed
8,66,415,3,488.94,2026-03-04 18:18:53,completed
156,,430,3,-115.26,2026-03-01 13:44:22,completed
843,10,278,5,406.85,2026-03-23 20:22:58,completed
751,5,441,5,1610.1,2026-03-28 12:24:10,completed
942,45,235,2,460.34,2026-02-06 08:42:51,completed
483,84,151,2,597.02,2026-01-23 13:06:30,completed
847,84,61,3,499.47,2026-01-15 01:39:48,completed
750,37,60,4,910.08,2026-01-15 04:26:28,completed
904,73,389,2,163.84,2026-03-21 13:45:17,completed
592,4,290,2,67.36,2026-03-23 05:43:50,completed
953,79,98,1,382.69,2026-02-25 07:44:51,cancelled
581,20,270,2,891.0,2026-01-09 09:34:24,completed
440,32,279,5,2443.55,2026-02-05 18:46:08,completed
543,93,150,1,183.6,2026-01-18 12:48:54,cancelled
597,90,267,4,400.0,2026-02-22 03:25:38,cancelled
724,6,263,4,1135.76,2026-01-11 18:37:28,completed
678,57,186,3,670.23,2026-01-08 14:30:19,completed
479,87,47,2,491.42,2026-03-01 17:17:33,cancelled
229,35,44,1,468.09,2026-02-19 05:19:10,completed
975,81,482,3,274.59,2026-01-14 07:31:00,completed
815,75,297,5,2078.65,2026-03-12 00:27:19,completed
213,42,232,3,848.43,2026-03-13 00:15:15,completed
80,77,255,5,851.95,2026-03-02 06:47:53,completed
149,87,186,4,992.68,2026-03-15 22:49:00,cancelled
303,14,89,4,1515.96,2026-01-01 21:25:08,completed
356,83,409,3,50.61,2026-03-31 07:31:52,completed
430,93,431,4,903.24,2026-03-06 09:16:45,completed
520,43,263,3,308.55,2026-02-23 11:58:36,completed
363,50,292,2,622.52,2026-01-21 02:34:57,completed
595,62,426,4,1671.56,2026-01-29 20:42:14,completed
358,26,373,1,234.52,2026-03-22 06:01:22,completed
134,51,21,4,1461.12,2026-02-20 07:53:14,completed
830,49,229,5,1246.45,2026-01-03 14:38:20,completed
312,86,464,2,924.66,2026-03-02 12:02:18,cancelled
622,100,23,1,261.86,2026-02-13 00:12:53,completed
465,45,99,5,1641.65,2026-01-01 14:03:49,completed
994,56,328,4,161.08,2026-02-08 19:51:47,completed
1,32,99,5,178.6,2026-01-09 00:46:55,completed
317,98,269,4,1134.08,2026-03-07 17:26:18,completed
723,95,343,4,1429.6,2026-03-18 01:17:44,cancelled
560,65,68,5,2171.25,2026-03-18 14:26:39,completed
372,17,370,2,947.84,2026-03-01 13:11:17,completed
545,45,110,2,472.8,2026-03-16 18:56:50,completed
850,91,30,1,381.02,2026-02-24 12:47:54,completed
395,51,272,2,836.36,2026-03-06 19:02:30,completed
173,51,434,2,264.88,2026-03-11 10:33:11,completed
126,51,374,5,1391.65,2026-02-20 20:54:35,completed
899,76,325,4,148.6,2026-01-07 07:38:04,completed
579,28,227,1,497.44,2026-03-22 10:03:46,completed
949,27,468,1,13.84,2026-03-27 07:21:30,cancelled
921,98,74,2,499.12,2026-03-20 13:00:49,completed
91,74,444,3,371.73,2026-02-09 04:04:04,cancelled
971,86,373,5,797.75,2026-01-27 21:07:48,returned
182,37,384,5,319.3,2026-01-14 16:59:38,completed
364,97,427,2,49.7,2026-03-22 09:50:41,completed
275,4,308,4,273.56,2026-02-07 15:12:52,completed
913,3,345,1,452.43,2026-02-03 20:58:26,cancelled
70,11,480,1,203.03,2026-02-12 06:14:25,completed
292,93,441,5,1655.4,2026-01-25 00:40:02,completed
132,94,199,4,1042.6,2026-02-19 19:43:53,cancelled
301,28,34,4,444.8,2026-02-02 17:32:42,cancelled
448,20,206,5,1354.6,2026-03-28 00:08:46,completed
327,86,283,4,758.64,2026-01-22 06:44:37,completed
145,13,321,2,422.5,2026-03-31 08:09:27,completed
552,4,178,5,1111.1,2026-02-05 10:14:30,completed
596,5,177,1,342.26,2026-03-14 04:22:33,returned
656,20,110,2,408.02,2026-02-17 22:40:48,completed
136,98,50,1,162.57,2026-01-28 08:31:55,completed
431,93,481,3,1397.07,2026-01-08 14:16:41,completed
165,72,178,3,233.1,2026-02-07 14:47:27,completed
29,70,352,3,1111.68,2026-02-19 02:07:36,completed
588,31,495,1,280.72,2026-01-09 22:05:03,completed
194,4,45,4,1951.68,2026-02-02 13:30:54,completed
791,20,367,3,1151.07,2026-01-09 14:39:48,completed
653,34,29,1,131.09,2026-01-19 05:05:24,completed
170,68,2,5,254.55,2026-01-03 01:03:29,completed
514,91,435,2,749.8,2026-03-15 11:47:18,returned
141,73,189,5,899.5,2026-03-30 10:42:53,completed
174,36,168,1,377.4,2026-03-07 00:17:46,returned
7,26,249,5,2306.6,2026-01-08 17:38:33,completed
657,14,416,5,581.1,2026-03-10 23:10:20,completed
965,95,372,5,1855.95,2026-03-27 10:08:53,completed
74,95,391,3,1404.87,2026-01-12 16:37:49,completed
765,44,158,3,193.35,2026-02-02 11:17:28,completed
654,21,233,3,215.52,2026-03-14 09:29:10,completed
239,76,457,2,184.38,2026-01-28 18:43:16,completed
146,28,376,3,492.51,2026-03-18 19:21:02,completed
809,39,242,1,207.47,2026-02-05 04:24:04,cancelled
235,26,189,4,443.92,2026-02-14 08:22:00,completed
221,12,152,4,22.12,2026-01-12 11:33:57,completed
501,70,473,3,1012.71,2026-01-11 05:39:15,completed
674,87,325,4,274.04,2026-01-09 13:24:24,completed
133,74,239,4,208.48,2026-01-09 03:37:24,completed
812,25,325,4,893.12,2026-03-21 03:04:19,completed
434,12,252,3,248.91,2026-01-12 19:05:05,completed
671,10,177,4,625.48,2026-03-27 17:25:26,completed
186,58,327,2,824.88,2026-02-10 03:41:51,completed
42,66,82,5,1677.05,2026-03-10 05:28:10,cancelled
626,39,347,5,1874.0,2026-01-21 22:21:03,completed
109,52,163,5,2496.55,2026-02-12 10:35:06,completed
604,76,247,2,816.32,2026-01-13 02:37:57,completed
57,85,474,3,1366.83,2026-02-19 04:35:24,completed
429,78,15,2,782.08,2026-01-03 06:13:07,cancelled
469,89,277,4,1449.36,2026-01-17 07:58:16,completed
577,9,290,3,1192.62,2026-03-25 07:45:56,completed
878,44,123,5,819.1,2026-03-09 01:36:22,returned
25,46,437,5,1658.5,2026-03-12 08:11:08,completed
441,33,259,4,488.0,2026-03-29 13:56:25,completed
883,50,417,1,207.12,2026-02-10 09:21:59,completed
544,62,400,3,276.9,2026-01-16 17:13:32,completed
634,18,142,5,1733.75,2026-02-04 03:38:32,completed
831,35,166,2,473.64,2026-01-23 03:10:47,completed
945,4,127,2,826.18,2026-01-12 15:21:59,completed
339,75,195,4,1758.72,2026-01-19 05:54:53,completed
52,40,76,2,138.06,2026-01-18 12:25:10,completed
384,57,191,5,2484.0,2026-01-22 16:29:47,completed
528,10,158,1,241.81,2026-01-13 22:45:48,completed
939,30,497,5,632.8,2026-02-11 13:10:56,completed
888,54,85,3,295.23,2026-01-18 08:58:10,completed
265,60,417,2,581.1,2026-03-31 01:43:00,completed
550,87,378,1,140.04,2026-03-03 06:20:36,cancelled
914,61,79,4,1108.0,2026-03-30 04:51:31,completed
698,9,384,1,398.64,2026-02-23 02:33:50,completed
396,52,17,3,246.3,2026-03-20 17:03:14,cancelled
530,57,37,5,701.75,2026-03-24 21:17:46,completed
869,93,463,1,266.63,2026-02-10 04:32:54,completed
19,19,391,1,24.93,2026-03-17 13:51:22,completed
732,69,62,5,150.95,2026-02-07 16:11:38,cancelled
679,66,306,5,2194.8,2026-02-17 02:10:16,completed
582,98,418,2,321.2,2026-03-17 00:16:13,completed
977,58,466,5,1173.2,2026-01-09 13:43:22,completed
368,15,292,3,222.33,2026-01-29 10:24:24,completed
84,79,219,3,1267.32,2026-03-16 22:35:05,completed
62,3,311,4,1227.92,2026-03-09 00:41:10,completed
842,13,500,1,287.14,2026-03-01 01:32:28,completed
273,94,121,5,1008.85,2026-01-14 15:14:10,completed
286,77,288,1,466.73,2026-03-26 09:42:18,completed
361,1,328,1,335.82,2026-03-18 02:35:17,completed
355,49,392,2,875.6,2026-03-29 05:50:46,completed
482,30,47,1,-38.08,2026-03-16 15:33:56,completed
279,74,189,1,433.74,2026-01-06 20:18:22,completed
13,69,300,2,478.06,2026-03-08 05:13:30,completed
183,11,319,4,-190.24,2026-02-14 18:13:58,completed
369,93,333,5,491.45,2026-01-02 23:45:59,completed
600,73,386,4,544.12,2026-02-27 19:45:49,completed
631,15,239,3,726.93,2026-03-08 07:48:01,completed
224,54,410,4,1299.64,2026-01-19 05:06:17,completed
972,39,121,5,2424.4,2026-02-07 15:44:38,completed
715,3,479,4,616.6,2026-03-24 19:27:15,cancelled
778,75,55,1,226.46,2026-01-11 15:54:49,completed
558,87,130,4,1005.92,2026-03-20 18:00:38,cancelled
466,10,278,1,338.06,2026-03-28 23:03:39,completed
598,1,340,4,367.4,2026-03-12 03:40:17,cancelled
708,55,161,5,1045.65,2026-02-21 12:26:59,completed
177,31,101,2,470.04,2026-03-06 12:50:46,cancelled
681,33,96,5,1868.3,2026-03-07 02:34:46,completed
854,7,343,1,379.27,2026-01-22 11:16:26,completed
955,38,341,5,2267.1,2026-03-12 16:51:13,completed
457,60,80,5,584.15,2026-01-14 08:07:48,cancelled
533,71,253,5,1386.85,2026-01-15 00:39:34,completed
394,7,410,4,138.44,2026-02-23 22:40:00,completed
164,21,419,3,264.48,2026-02-06 13:47:44,completed
249,92,451,2,889.48,2026-03-12 19:40:29,cancelled
650,27,491,5,2011.75,2026-03-18 08:53:26,cancelled
903,63,47,4,1700.6,2026-01-20 17:19:59,completed
685,52,272,2,126.66,2026-01-16 05:53:39,completed
376,59,336,5,224.8,2026-01-09 12:02:52,completed
413,34,254,2,843.74,2026-01-26 03:16:57,completed
75,33,72,3,1283.16,2026-03-03 18:47:34,cancelled
114,98,13,2,933.58,2026-02-11 07:15:29,completed
584,71,38,3,413.1,2026-01-05 16:14:15,completed
573,50,120,4,1113.28,2026-01-26 09:43:14,completed
391,19,90,2,936.52,2026-03-09 04:57:26,completed
105,8,55,2,146.94,2026-03-13 17:10:47,completed
115,30,120,1,490.51,2026-02-15 12:06:34,completed
418,16,86,3,822.09,2026-01-11 23:09:29,completed
669,74,380,3,90.06,2026-03-24 16:54:38,completed
458,4,197,3,665.19,2026-02-27 01:23:10,cancelled
410,33,355,2,710.76,2026-01-02 06:06:08,completed
93,37,24,5,741.05,2026-03-17 18:03:15,cancelled
820,94,284,2,623.52,2026-03-31 22:03:58,completed
90,99,264,1,230.94,2026-03-16 21:40:52,cancelled
337,76,370,4,391.48,2026-03-28 16:32:15,completed
860,76,349,4,540.48,2026-03-14 02:04:54,completed
940,34,92,2,52.12,2026-02-15 18:02:30,completed
952,6,410,4,43.88,2026-01-28 10:09:42,returned
884,17,112,5,1879.2,2026-01-14 23:15:36,completed
621,62,11,2,215.92,2026-02-09 00:36:58,completed
790,60,494,4,173.92,2026-01-02 02:34:25,completed
627,1,210,3,566.73,2026-01-31 10:35:30,cancelled
95,96,223,2,590.1,2026-03-22 19:52:09,completed
12,89,27,4,1207.4,2026-03-29 19:20:39,cancelled
397,30,472,4,1079.08,2026-01-05 00:44:06,completed
546,76,444,3,597.21,2026-01-05 19:18:17,completed
44,11,282,2,666.28,2026-02-01 21:46:33,completed
43,76,200,3,988.44,2026-03-05 01:07:46,completed
168,19,98,2,543.56,2026-01-16 00:39:41,completed
417,48,177,4,1100.44,2026-03-29 05:42:33,completed
877,42,458,2,276.44,2026-02-18 14:03:05,completed
427,26,414,4,197.72,2026-03-19 18:55:08,completed
900,59,438,2,64.38,2026-02-25 11:13:38,completed
981,91,303,4,1721.92,2026-02-23 01:46:58,completed
976,81,275,1,113.69,2026-01-21 07:16:50,completed
688,29,123,3,765.33,2026-02-23 10:21:11,returned
258,9,145,3,1232.43,2026-01-10 07:21:01,completed
336,43,36,5,2142.7,2026-03-14 17:49:23,completed
16,15,469,5,463.65,2026-03-12 17:53:56,completed
645,3,305,1,96.76,2026-03-11 07:49:36,completed
325,98,457,5,843.5,2026-03-29 18:20:07,completed
775,,247,4,1284.16,2026-03-18 04:05:15,completed
223,83,461,5,2238.9,2026-03-05 08:42:33,completed
180,47,202,1,108.15,2026-02-15 02:15:24,completed
661,84,65,4,340.64,2026-01-16 21:42:46,completed
522,70,327,4,1068.2,2026-01-14 03:44:03,cancelled
23,55,342,5,2479.7,2026-01-17 10:18:25,completed
357,97,348,2,525.26,2026-01-14 15:19:34,completed
962,51,307,5,1057.7,2026-02-06 18:58:17,completed
906,65,74,2,450.24,2026-03-05 20:41:20,completed
341,6,151,3,165.15,2026-02-27 03:14:06,completed
432,9,114,1,308.05,2026-03-08 12:12:19,completed
774,99,13,2,883.36,2026-03-06 14:21:43,completed
851,93,85,1,119.19,2026-03-30 04:54:03,completed
204,14,334,4,1426.84,2026-03-04 23:22:02,completed
918,28,124,3,1091.34,2026-03-12 13:36:53,completed
94,45,485,2,265.24,2026-02-04 20:57:11,returned
571,70,381,1,206.64,2026-03-27 09:29:46,completed
69,74,18,2,33.0,2026-01-07 20:54:04,completed
755,22,73,4,712.12,2026-02-19 22:49:42,completed
285,13,496,2,927.5,2026-02-09 16:55:22,completed
928,60,297,1,357.15,2026-01-28 02:54:00,completed
435,59,263,2,213.76,2026-02-09 01:05:07,completed
154,98,349,5,405.0,2026-01-27 10:09:45,completed
76,3,189,1,164.5,2026-02-12 19:31:21,cancelled
747,77,217,5,1866.4,2026-02-17 21:32:42,completed
447,31,334,5,2283.3,2026-01-29 05:40:23,completed
189,5,410,3,218.76,2026-01-22 11:44:06,completed
272,54,215,1,193.46,2026-01-03 01:15:22,completed
237,95,280,1,107.46,2026-03-01 16:43:25,returned
488,26,383,1,237.16,2026-02-17 18:27:44,completed
118,14,232,3,1189.26,2026-01-13 13:57:41,completed
836,53,428,1,52.12,2026-03-11 21:49:07,completed
513,13,454,4,1261.12,2026-03-17 16:14:59,returned
77,98,165,4,1098.2,2026-01-30 17:13:26,completed
686,73,220,3,368.94,2026-03-14 01:54:35,completed
127,5,125,5,1264.4,2026-01-08 03:03:59,completed
117,2,128,5,366.55,2026-01-04 08:29:11,completed
474,14,91,2,502.68,2026-02-12 01:32:39,completed
709,77,269,2,876.78,2026-02-12 20:00:21,completed
58,54,415,4,421.0,2026-01-14 21:15:55,completed
690,73,105,1,200.58,2026-03-12 10:28:05,completed
930,23,129,5,1111.95,2026-02-22 00:31:01,cancelled
370,53,143,4,701.4,2026-03-11 11:32:48,completed
269,5,350,5,1259.15,2026-02-25 02:53:46,returned
47,46,386,2,205.84,2026-02-10 02:41:05,completed
350,36,291,3,190.83,2026-01-15 19:33:10,completed
196,50,204,4,400.76,2026-01-08 21:19:25,completed
320,5,113,2,853.62,2026-03-11 04:16:42,completed
852,73,295,2,906.74,2026-03-14 03:12:02,completed
707,48,206,5,257.15,2026-01-01 16:57:49,completed
753,81,60,4,1778.36,2026-01-08 18:19:08,completed
264,76,249,5,2372.9,2026-03-25 06:15:34,completed
444,46,404,3,109.05,2026-02-13 23:20:29,completed
959,92,306,4,1702.6,2026-03-29 10:21:33,completed
305,67,118,4,1657.04,2026-02-18 20:30:23,completed
342,42,308,1,406.43,2026-01-27 04:22:57,completed
614,53,165,4,769.08,2026-02-04 15:47:35,cancelled
987,97,457,5,663.3,2026-02-25 11:57:03,completed
150,39,273,5,2235.25,2026-01-06 05:56:02,completed
125,79,58,5,1073.15,2026-03-18 22:58:22,completed
803,23,219,3,215.58,2026-02-16 09:35:51,completed
870,70,334,4,1669.0,2026-01-04 14:43:36,completed
51,33,218,3,1006.77,2026-03-10 09:22:58,cancelled
354,42,237,5,776.9,2026-02-09 03:48:34,completed
946,73,65,1,463.21,2026-01-11 17:30:35,cancelled
143,17,330,5,2084.5,2026-01-25 21:20:39,returned
471,41,297,5,2343.25,2026-03-08 10:46:59,completed
400,67,436,2,403.26,2026-01-28 22:17:56,completed
717,89,100,4,686.96,2026-02-16 14:14:43,completed
321,66,158,1,250.73,2026-01-29 20:40:03,completed
20,69,322,1,227.57,2026-02-10 12:50:01,completed
827,20,77,1,260.27,2026-03-03 06:22:21,completed
807,47,214,1,41.66,2026-02-19 00:59:15,completed
826,42,267,5,202.85,2026-01-09 03:21:07,completed
408,19,407,5,258.35,2026-01-13 22:49:06,completed
538,73,421,1,375.26,2026-01-11 09:27:30,completed
636,77,299,3,626.58,2026-03-03 17:12:20,completed
39,31,498,3,668.46,2026-01-25 21:48:03,completed
176,35,83,2,752.76,2026-02-11 13:39:17,completed
246,28,115,5,680.4,2026-01-08 14:23:59,completed
846,77,81,4,1260.76,2026-01-01 11:43:42,completed
683,70,191,1,375.93,2026-03-28 09:28:01,completed
771,30,166,2,584.44,2026-02-28 16:08:35,cancelled
969,4,97,5,1194.35,2026-03-24 20:11:14,completed
155,23,401,2,538.5,2026-02-09 02:07:27,completed
288,81,432,2,335.96,2026-02-21 10:55:57,completed
618,60,92,3,863.19,2026-01-24 23:33:38,completed
570,21,109,5,1248.45,2026-02-21 09:51:45,completed
760,70,1,3,1384.02,2026-03-07 16:07:16,completed
18,16,267,3,1271.31,2026-01-12 12:43:31,completed
128,10,259,4,1378.6,2026-03-10 20:23:51,completed
323,47,345,3,23.13,2026-02-25 07:37:42,completed
256,33,172,1,426.93,2026-01-14 00:10:20,completed
689,1,380,5,1467.05,2026-02-10 01:36:08,completed
985,20,71,4,1244.96,2026-02-22 20:14:39,completed
191,43,367,3,681.36,2026-03-03 12:47:36,completed
116,48,132,3,118.41,2026-02-21 04:28:51,completed
632,29,280,5,2158.0,2026-01-30 11:23:25,returned
607,25,226,1,482.44,2026-01-30 01:51:36,completed
181,66,428,4,1507.96,2026-03-26 10:11:27,cancelled
302,66,497,3,850.56,2026-03-16 08:47:26,completed
941,73,128,1,115.68,2026-03-04 04:17:25,completed
729,12,208,3,60.87,2026-02-13 22:29:52,completed
740,53,19,2,781.48,2026-03-22 20:28:18,completed
974,78,31,2,375.3,2026-02-12 16:07:35,completed
788,2,306,1,344.59,2026-03-03 17:58:05,completed
518,6,338,1,478.24,2026-01-06 23:46:01,completed
412,59,235,3,1464.21,2026-01-21 16:03:25,completed
46,2,185,1,166.64,2026-03-29 08:42:27,returned
927,40,372,2,358.7,2026-02-18 17:07:17,completed
158,31,62,5,26.3,2026-02-20 03:11:22,completed
761,97,63,2,338.84,2026-01-16 20:09:32,returned
172,27,223,4,1480.84,2026-01-09 02:30:12,completed
17,28,29,2,681.32,2026-02-16 04:34:09,cancelled
512,53,399,2,206.6,2026-03-09 03:23:27,completed
49,34,146,4,1724.04,2026-03-03 00:18:18,cancelled
992,53,237,3,1016.19,2026-02-19 10:09:06,completed
858,64,183,3,441.03,2026-01-06 03:37:15,completed
516,80,350,5,699.65,2026-01-10 11:24:02,completed
912,54,169,5,467.05,2026-01-17 12:25:54,completed
481,47,495,1,213.77,2026-01-26 21:55:57,completed
284,44,380,5,1592.05,2026-02-14 03:55:37,completed
735,83,326,5,2169.85,2026-01-19 17:51:06,completed
670,43,342,4,1737.48,2026-01-12 21:20:31,completed
226,18,247,5,2228.4,2026-01-28 12:51:58,completed
27,21,128,1,474.03,2026-02-06 05:12:54,completed
799,40,282,3,838.11,2026-01-29 09:14:30,completed
438,95,7,4,1041.2,2026-03-25 11:32:06,completed
970,82,34,1,257.37,2026-01-04 05:53:21,completed
365,58,137,3,700.65,2026-01-11 10:31:07,completed
230,2,136,2,68.9,2026-01-16 21:49:45,completed
38,62,275,1,207.04,2026-03-16 11:40:59,completed
986,6,155,4,1854.8,2026-02-28 17:15:19,completed
375,31,372,5,2436.7,2026-03-21 18:23:57,completed
470,75,137,1,88.59,2026-03-25 23:19:48,returned
988,93,275,2,696.0,2026-01-29 11:01:21,completed
868,33,441,4,423.64,2026-03-17 10:02:14,completed
909,80,398,1,402.36,2026-02-03 09:41:53,completed
742,47,311,4,476.88,2026-03-10 15:04:09,completed
195,57,186,3,1311.21,2026-03-28 08:56:09,completed
935,38,419,1,357.29,2026-02-09 20:10:57,completed
882,100,494,2,640.3,2026-03-18 14:26:35,cancelled
504,78,363,2,430.84,2026-03-20 01:46:47,completed
990,89,282,5,397.75,2026-03-12 20:51:12,returned
848,10,338,3,967.71,2026-01-05 15:34:51,completed
580,30,193,4,1748.36,2026-01-10 03:36:40,completed
989,94,434,2,987.44,2026-01-23 03:58:27,returned
163,57,144,5,2062.25,2026-02-06 19:50:33,completed
718,99,374,2,610.3,2026-02-14 07:03:03,completed
153,92,131,3,157.71,2026-03-24 14:07:42,completed
697,8,38,3,294.96,2026-03-06 23:12:36,completed
716,51,216,5,1931.25,2026-03-13 22:22:06,completed
929,19,57,1,14.13,2026-02-07 15:40:32,completed
112,48,347,2,428.58,2026-03-12 06:22:28,completed
227,45,156,1,237.63,2026-03-14 18:42:25,completed
704,86,216,1,320.92,2026-01-16 09:59:21,completed
104,2,250,1,420.39,2026-01-01 15:54:09,completed
422,100,486,5,1220.25,2026-03-04 11:36:24,completed
420,11,322,3,1458.12,2026-02-15 13:40:21,cancelled
849,16,302,3,627.21,2026-03-15 19:09:31,completed
587,22,112,5,878.0,2026-03-04 01:04:05,completed
797,51,435,5,1432.85,2026-03-29 03:33:01,completed
673,22,477,2,762.36,2026-02-27 06:14:00,completed
120,6,16,3,1329.0,2026-01-11 07:23:05,completed
54,82,457,5,368.15,2026-02-12 00:07:02,completed
152,54,310,3,1320.42,2026-01-26 07:47:21,completed
404,94,267,2,317.54,2026-03-29 11:08:42,cancelled
964,24,140,5,405.1,2026-01-20 14:04:39,completed
208,94,377,4,982.68,2026-03-29 05:25:15,completed
659,43,262,5,1013.0,2026-01-07 12:31:44,cancelled
884,17,112,5,1879.2,2026-01-14 23:15:36,completed
779,11,354,2,352.6,2026-01-25 09:17:20,completed
9,19,359,4,1457.84,2026-01-19 03:10:27,completed
825,50,259,4,1480.28,2026-02-26 02:21:36,completed
37,69,458,5,872.35,2026-03-19 05:54:33,completed
453,48,422,1,432.75,2026-02-14 22:11:45,completed
652,99,370,1,140.7,2026-02-28 17:35:19,completed
254,34,281,4,1246.76,2026-01-30 16:30:00,completed
304,4,211,5,662.1,2026-03-22 15:42:26,returned
763,10,98,1,109.83,2026-03-27 09:58:58,completed
572,10,346,2,572.48,2026-02-07 11:07:36,completed
624,8,437,1,49.08,2026-02-07 12:28:51,completed
859,27,172,3,386.88,2026-03-02 05:19:15,completed
759,46,269,3,1355.79,2026-01-12 12:18:38,cancelled
263,30,295,3,496.05,2026-01-27 23:59:03,completed
611,10,139,4,521.0,2026-03-17 00:47:19,completed
298,78,333,4,348.8,2026-02-09 12:02:55,completed
415,50,156,3,203.49,2026-01-02 14:47:47,completed
151,33,80,2,152.46,2026-03-19 00:14:56,completed
862,83,298,2,993.58,2026-03-25 12:02:17,completed
641,85,377,4,1514.04,2026-03-02 09:01:16,completed
907,29,235,2,448.42,2026-02-07 00:58:28,completed
551,5,302,2,139.58,2026-03-14 06:41:55,cancelled
808,90,499,3,678.57,2026-01-10 22:52:15,completed
489,67,431,1,448.89,2026-03-10 20:43:04,completed
711,29,137,2,789.92,2026-03-03 03:14:12,cancelled
148,86,414,4,1606.76,2026-01-22 01:18:33,completed
147,42,238,3,1127.01,2026-01-04 02:56:12,completed
737,7,150,3,1330.26,2026-03-07 17:57:16,completed
950,37,253,2,925.72,2026-01-26 00:38:35,completed
756,61,201,2,582.82,2026-02-09 09:52:21,completed
660,50,369,2,44.76,2026-01-26 22:24:58,completed
349,77,155,4,846.88,2026-01-17 06:18:58,completed
464,66,150,1,163.76,2026-02-07 17:17:12,completed
326,40,198,1,439.99,2026-01-21 17:15:43,completed
187,27,432,1,202.26,2026-01-15 23:01:20,completed
124,27,340,2,184.6,2026-02-12 09:34:04,completed
871,20,394,1,155.09,2026-02-11 01:22:47,completed
609,88,304,2,435.66,2026-03-29 00:41:03,completed
144,45,279,5,2057.55,2026-02-06 18:25:18,completed
979,93,103,1,368.4,2026-02-01 13:52:35,completed
198,13,472,5,1648.8,2026-01-11 14:53:33,completed
610,44,60,1,219.1,2026-03-19 04:21:20,completed
280,85,100,5,1483.6,2026-01-08 10:41:48,completed
294,10,365,1,163.75,2026-01-30 20:11:20,completed
401,38,426,5,1126.4,2026-03-31 19:44:24,completed
123,99,308,2,834.2,2026-02-28 21:33:58,completed
184,86,447,3,276.78,2026-03-04 16:03:07,completed
203,35,419,5,2075.65,2026-02-14 13:20:30,cancelled
439,35,212,2,936.82,2026-01-08 06:40:41,completed
247,28,293,5,1535.95,2026-03-10 04:10:25,completed
416,45,115,4,1595.68,2026-03-02 23:44:33,completed
793,98,196,2,224.46,2026-03-07 00:47:04,completed
782,60,74,2,798.6,2026-02-27 08:04:46,completed
924,68,485,3,549.09,2026-01-14 01:28:52,cancelled
785,85,285,4,507.76,2026-02-13 00:51:06,completed
905,19,94,2,610.5,2026-02-11 07:17:20,completed
130,43,302,4,1984.24,2026-02-27 02:59:29,cancelled
638,50,218,4,1848.24,2026-01-27 17:15:11,completed
403,40,337,2,969.06,2026-01-29 20:06:04,completed
801,62,63,1,307.12,2026-01-02 02:07:04,completed
787,57,323,1,168.45,2026-01-03 21:56:16,returned
736,42,279,4,1497.2,2026-03-02 09:51:35,returned
931,2,464,1,323.78,2026-02-18 09:06:06,completed
220,17,176,3,113.13,2026-03-23 05:37:16,completed
642,,144,1,53.41,2026-03-24 11:18:42,completed
933,90,170,5,1947.2,2026-01-24 04:11:02,completed
853,11,128,3,757.8,2026-03-28 16:29:09,completed
824,98,75,5,1514.95,2026-02-28 12:16:12,completed
938,60,287,3,911.07,2026-01-14 08:37:41,completed
625,40,104,3,601.92,2026-02-24 09:01:24,completed
856,70,295,5,2497.1,2026-03-18 10:43:23,completed
951,34,201,5,2381.0,2026-01-09 09:45:50,completed
387,27,118,3,1063.11,2026-01-07 02:06:30,completed
993,100,413,2,346.34,2026-01-18 17:27:42,completed
510,97,442,4,1495.52,2026-01-22 07:11:26,completed
268,93,316,2,978.84,2026-02-01 05:14:19,completed
837,14,439,5,26.4,2026-03-14 18:02:07,completed
442,36,257,3,87.93,2026-01-28 02:02:57,completed
497,33,386,3,1286.49,2026-01-11 16:48:41,completed
113,16,497,1,311.74,2026-02-20 00:11:50,completed
692,7,294,5,2285.05,2026-03-13 13:26:52,completed
233,61,150,5,508.85,2026-01-02 18:10:18,completed
887,70,496,4,271.92,2026-01-05 18:32:09,returned
608,49,298,3,407.94,2026-02-16 06:43:17,completed
672,69,322,3,934.08,2026-02-25 07:03:36,completed
374,82,120,3,1216.32,2026-02-03 15:06:02,completed
738,37,466,1,111.88,2026-01-31 00:39:27,completed
860,76,349,4,540.48,2026-03-14 02:04:54,completed
234,27,99,4,1365.48,2026-03-10 06:24:07,completed
802,60,192,3,940.98,2026-01-28 04:09:47,completed
677,56,262,1,365.55,2026-02-22 06:30:31,completed
318,42,53,3,54.39,2026-03-07 10:18:30,completed
649,30,488,5,2271.3,2026-03-28 10:39:53,completed
411,13,11,1,415.86,2026-01-16 16:26:29,completed
916,11,6,3,316.14,2026-02-11 06:29:27,completed
710,43,380,2,291.22,2026-02-11 22:31:40,completed
359,67,33,1,346.61,2026-01-09 04:24:22,completed
259,61,335,3,796.2,2026-01-16 18:23:59,completed
745,70,9,2,712.92,2026-03-13 13:40:53,completed
628,19,20,3,295.41,2026-02-03 01:49:31,completed
633,28,261,1,322.91,2026-02-09 01:13:01,completed
283,17,414,2,437.2,2026-03-02 09:37:40,completed
377,32,86,5,1637.9,2026-03-08 07:05:36,completed
385,39,31,2,959.12,2026-01-03 20:55:40,completed
225,79,265,3,270.36,2026-03-06 22:41:29,completed
974,78,31,2,375.3,2026-02-12 16:07:35,completed
966,,50,4,168.52,2026-02-22 22:44:29,completed
473,49,400,3,174.36,2026-02-08 21:17:33,completed
348,16,236,4,752.56,2026-03-26 05:51:14,completed
506,38,419,2,510.7,2026-02-10 20:25:02,completed
640,92,462,2,732.52,2026-03-27 09:31:59,completed
514,91,435,2,749.8,2026-03-15 11:47:18,returned
798,13,312,1,148.47,2026-02-11 06:27:49,completed
947,37,131,1,104.67,2026-03-29 14:33:23,completed
923,56,328,5,1206.15,2026-02-10 04:31:35,completed
620,90,83,5,120.65,2026-01-13 13:53:59,returned
873,6,369,4,1971.52,2026-01-11 05:39:19,completed
821,54,307,2,928.7,2026-01-03 03:46:03,completed
646,41,28,2,469.18,2026-01-30 13:15:36,completed
864,72,104,2,531.5,2026-03-11 11:45:14,completed
557,16,51,5,2326.75,2026-03-08 05:47:19,completed
978,12,81,2,943.14,2026-02-21 12:30:32,completed
578,20,468,4,1698.72,2026-02-17 03:18:22,completed
796,19,103,2,302.06,2026-01-27 13:58:31,completed
86,64,170,5,1868.85,2026-03-05 00:34:21,completed
243,83,455,5,917.9,2026-01-09 12:32:25,cancelled
699,31,360,2,961.02,2026-01-05 12:18:56,completed
160,4,464,2,776.88,2026-03-12 13:13:12,completed
525,81,307,4,1422.16,2026-01-29 16:26:37,completed
36,4,114,4,1301.2,2026-01-06 17:50:42,completed
541,60,143,3,1233.54,2026-03-05 19:31:05,cancelled
171,38,301,4,801.08,2026-01-10 13:16:04,returned
655,13,123,1,472.18,2026-02-19 18:33:43,completed
908,80,457,1,40.54,2026-01-16 13:57:22,cancelled
875,20,356,3,1360.56,2026-03-04 18:19:40,returned
865,88,457,5,1606.6,2026-03-18 03:38:10,cancelled
963,99,415,1,288.06,2026-03-17 14:38:53,completed
734,27,206,5,662.6,2026-03-11 16:32:03,completed
96,55,87,1,207.94,2026-01-26 22:47:19,completed
564,19,52,5,2273.8,2026-01-17 08:02:11,completed
241,34,176,3,1292.52,2026-01-13 14:53:03,cancelled
743,43,446,3,55.38,2026-02-27 02:30:52,cancelled
575,72,357,1,58.79,2026-01-01 15:17:02,completed
691,1,186,4,1578.04,2026-03-31 16:47:07,completed
461,11,450,4,1546.12,2026-03-07 02:22:36,completed
554,56,325,4,751.16,2026-01-29 14:51:38,completed
896,41,400,5,463.1,2026-02-25 00:56:03,completed
207,91,353,3,908.31,2026-03-10 18:44:08,completed
393,2,401,5,315.8,2026-02-03 01:10:17,returned
795,40,202,3,1366.05,2026-02-08 19:36:41,completed
398,26,197,4,1833.16,2026-01-18 16:17:55,completed
767,58,155,3,1484.88,2026-02-25 03:22:47,completed
866,59,282,3,1292.07,2026-03-04 19:56:27,completed
218,35,334,4,1136.92,2026-01-09 16:12:16,completed
5,81,387,1,317.98,2026-02-08 23:18:46,completed
769,12,235,1,70.61,2026-01-13 14:14:41,completed
643,96,338,3,710.31,2026-03-18 21:03:06,completed
915,78,263,2,158.54,2026-02-23 06:38:26,completed
613,79,320,4,1548.28,2026-03-12 13:44:15,completed
739,35,113,1,267.99,2026-03-08 10:34:46,completed
547,60,78,4,497.04,2026-02-08 15:12:03,completed
726,48,159,4,129.32,2026-01-11 12:56:37,completed
684,7,217,4,589.96,2026-03-28 07:10:52,completed
99,80,469,1,430.98,2026-02-27 07:24:19,completed
805,70,154,1,339.0,2026-03-08 10:34:05,completed
728,89,53,3,1299.66,2026-01-08 21:27:05,completed
574,89,344,5,2095.6,2026-01-05 10:23:20,completed
407,26,366,2,964.72,2026-02-09 00:47:22,completed
503,100,18,2,377.2,2026-03-28 15:14:53,completed
48,25,314,4,1560.72,2026-03-22 09:08:29,completed
33,27,181,4,1027.68,2026-01-09 07:00:48,completed
780,8,64,4,945.96,2026-03-18 13:09:09,returned
840,94,355,3,1104.21,2026-03-23 22:58:42,completed
201,68,219,5,1426.9,2026-02-02 23:07:45,completed
135,99,364,4,1953.8,2026-03-13 13:00:40,completed
28,45,49,2,372.68,2026-03-16 01:09:54,cancelled
948,52,466,5,2325.7,2026-01-13 01:38:39,completed
231,8,68,5,557.55,2026-02-11 16:31:29,completed
490,39,181,3,721.2,2026-02-24 12:59:39,completed
773,,205,2,634.6,2026-01-01 10:33:49,completed
379,17,243,3,956.85,2026-02-04 04:46:53,completed
289,77,133,1,228.27,2026-02-18 19:14:54,completed
419,,280,5,2249.85,2026-01-27 16:30:57,completed
675,84,248,4,1566.04,2026-02-25 23:14:35,completed
392,82,83,3,1258.65,2026-01-17 03:13:10,completed
593,8,264,2,949.8,2026-01-22 14:08:11,completed
499,25,496,3,531.3,2026-03-25 09:10:48,completed
139,89,41,4,121.8,2026-02-01 06:35:53,completed
63,64,309,1,131.28,2026-02-02 23:56:53,completed
472,88,231,4,392.04,2026-03-14 09:25:10,completed
648,9,478,4,1596.2,2026-02-18 04:32:20,completed
129,55,339,3,984.24,2026-02-21 17:08:14,completed
997,75,428,3,438.42,2026-02-17 08:58:24,completed
521,100,219,5,746.05,2026-02-02 04:58:47,completed
839,86,139,2,771.56,2026-01-02 07:28:36,completed
983,19,465,1,426.6,2026-02-19 05:35:48,completed
65,76,258,4,654.56,2026-02-06 23:26:12,completed
813,53,150,4,1490.96,2026-03-03 14:30:38,completed
15,29,330,3,523.92,2026-03-06 13:45:03,completed
157,71,465,1,31.14,2026-01-12 08:45:58,completed
41,33,176,4,201.6,2026-01-15 20:53:41,completed
493,70,89,1,325.85,2026-03-09 19:14:37,cancelled
380,93,256,3,652.11,2026-01-24 14:54:52,returned
188,22,63,3,1485.72,2026-02-04 07:00:21,cancelled
764,24,47,4,198.2,2026-03-26 06:03:44,completed
217,49,394,3,482.4,2026-01-08 03:11:15,completed
792,100,45,5,786.45,2026-02-10 21:19:36,completed
53,77,482,3,423.6,2026-02-02 18:02:13,completed
879,68,329,4,1103.64,2026-02-19 08:15:30,completed
338,33,288,2,598.32,2026-01-29 13:01:12,cancelled
749,87,462,5,1203.45,2026-01-29 04:07:00,completed
720,16,229,3,1246.95,2026-02-23 23:07:18,completed
725,30,108,3,750.96,2026-03-12 17:39:52,completed
296,100,400,3,577.2,2026-02-16 20:39:08,returned
702,6,191,1,492.17,2026-02-25 10:55:04,completed
252,39,212,3,174.48,2026-02-14 11:01:12,completed
727,10,262,5,887.0,2026-03-06 21:50:47,returned
462,34,2,2,545.08,2026-01-13 15:08:00,completed
456,7,69,1,49.84,2026-02-19 23:13:39,completed
281,,357,4,730.16,2026-01-25 19:49:48,completed
816,30,29,1,275.17,2026-03-17 07:41:47,completed
863,90,289,5,2475.95,2026-01-11 19:41:52,completed
270,51,261,1,249.37,2026-02-23 04:22:38,completed
202,75,206,3,833.1,2026-03-23 18:32:03,cancelled
162,40,14,3,983.61,2026-03-01 18:55:02,returned
556,22,258,1,382.76,2026-02-15 09:46:36,completed
730,67,208,1,201.24,2026-03-01 04:59:04,completed
402,12,345,2,72.48,2026-03-11 23:11:40,completed
703,55,139,4,717.08,2026-01-16 02:16:25,completed
477,94,129,3,663.45,2026-03-18 05:28:32,completed
822,69,353,4,993.8,2026-03-01 21:52:44,completed
772,77,111,2,776.68,2026-03-30 19:07:26,returned
106,46,322,1,388.3,2026-03-12 19:45:23,completed
566,34,319,3,699.48,2026-01-22 07:22:08,completed
390,60,438,5,136.65,2026-01-14 19:05:38,completed
2,85,17,4,927.36,2026-03-11 15:44:42,completed
991,,25,3,146.28,2026-01-31 20:14:10,returned
741,27,376,3,379.86,2026-03-15 12:58:00,completed
562,43,59,2,617.38,2026-01-04 21:54:22,completed
932,74,272,3,921.45,2026-03-04 23:30:57,completed
81,91,159,5,629.4,2026-03-26 15:03:40,completed
206,81,229,5,147.4,2026-01-24 22:16:44,completed
35,43,11,1,212.55,2026-03-21 21:50:31,returned
776,5,471,1,263.45,2026-03-27 14:34:49,completed
509,27,284,5,558.35,2026-01-25 04:22:28,completed
428,49,70,5,216.65,2026-03-14 08:54:32,cancelled
455,62,154,3,531.63,2026-02-23 17:22:55,returned
367,17,44,2,222.18,2026-02-12 06:13:04,completed
92,5,188,3,972.57,2026-03-14 10:17:27,cancelled
340,51,234,3,571.08,2026-03-27 18:15:45,completed
898,59,479,5,705.7,2026-01-05 21:43:14,completed
565,90,47,3,1190.31,2026-03-22 00:29:30,returned
346,51,200,5,1527.85,2026-01-24 00:53:04,completed
777,34,199,2,715.62,2026-02-08 03:24:57,completed
242,28,439,4,654.4,2026-02-22 13:39:05,completed
14,49,471,2,950.56,2026-03-10 12:03:42,completed
316,28,283,2,683.62,2026-03-01 08:21:10,completed
601,99,169,2,914.16,2026-02-25 11:10:25,completed
388,6,494,2,308.74,2026-03-16 19:12:12,cancelled
274,32,233,4,1177.8,2026-03-28 06:29:16,completed
167,47,362,1,412.45,2026-01-29 21:49:33,completed
841,77,390,3,62.73,2026-01-27 00:02:31,completed
637,83,128,1,204.66,2026-01-22 04:33:49,completed
647,75,440,2,296.54,2026-02-11 10:40:25,completed
819,54,197,1,252.1,2026-03-01 22:01:08,completed
485,47,267,3,961.86,2026-02-11 16:05:48,completed
522,70,327,4,1068.2,2026-01-14 03:44:03,cancelled
505,2,267,3,1221.0,2026-01-25 16:00:18,completed
832,11,78,5,2406.45,2026-01-22 16:11:18,completed
244,4,480,3,97.08,2026-02-28 11:40:07,completed
567,71,111,5,225.85,2026-01-21 12:37:50,cancelled
876,67,43,1,400.23,2026-02-15 09:47:12,completed
563,3,394,2,890.88,2026-02-14 09:03:37,cancelled
973,84,249,4,1471.6,2026-02-12 22:54:53,completed
687,95,380,3,761.76,2026-02-06 14:30:32,completed
958,38,359,3,131.07,2026-02-27 02:47:56,cancelled
190,91,148,1,328.5,2026-01-28 03:15:58,completed
783,35,442,1,134.05,2026-01-12 01:07:10,cancelled
700,3,189,5,1811.55,2026-01-09 13:18:22,completed
476,33,265,2,513.12,2026-03-12 15:05:20,completed
682,18,394,1,411.15,2026-01-13 08:48:04,completed
511,30,203,2,139.84,2026-03-31 12:17:44,returned
59,21,128,3,819.99,2026-03-08 21:41:31,completed
475,86,29,5,1310.9,2026-02-27 02:05:25,completed
561,49,238,2,998.84,2026-02-18 06:52:09,completed
857,85,238,2,231.7,2026-01-23 00:56:48,completed
748,26,125,2,536.3,2026-01-29 07:11:25,cancelled
253,99,358,1,62.09,2026-01-17 22:33:58,completed
22,5,232,1,376.06,2026-02-03 08:55:25,completed
314,10,198,5,36.45,2026-01-26 07:27:53,completed
460,66,447,3,576.78,2026-01-10 12:44:18,completed
161,41,191,3,66.72,2026-03-31 15:35:27,returned
277,7,125,4,402.56,2026-02-12 00:57:08,completed
956,20,356,3,1456.5,2026-02-24 23:43:59,completed
192,35,457,2,398.98,2026-02-26 17:24:37,completed
386,73,438,2,50.0,2026-01-12 01:09:25,completed
806,76,75,1,342.88,2026-03-12 07:35:42,completed
414,72,447,4,1887.88,2026-01-12 20:44:09,completed
492,20,392,3,1236.0,2026-03-20 02:18:58,completed
344,26,224,3,853.11,2026-02-16 08:31:24,completed
770,5,275,1,414.49,2026-02-03 20:56:11,completed
309,81,34,3,93.09,2026-01-29 09:53:42,completed
662,59,111,4,1285.72,2026-03-08 03:22:09,cancelled
131,1,162,3,1499.13,2026-02-20 21:12:22,completed
664,38,226,3,328.23,2026-01-19 05:11:38,completed
872,96,236,2,445.42,2026-01-19 03:50:57,completed
100,34,147,3,264.03,2026-01-13 13:51:55,completed
373,23,181,3,616.41,2026-02-06 22:04:30,cancelled
88,93,125,5,1912.4,2026-01-29 02:42:43,completed
459,12,259,2,946.24,2026-03-17 16:06:50,completed
331,19,282,3,1165.74,2026-02-19 05:05:42,cancelled
215,69,402,1,138.99,2026-03-08 07:44:46,completed
467,80,17,4,880.84,2026-01-15 22:29:45,completed
122,95,309,1,60.36,2026-03-02 03:45:01,completed
615,57,286,1,418.39,2026-03-03 18:07:02,completed
21,14,441,1,446.78,2026-02-15 00:45:36,completed
701,89,312,2,918.68,2026-02-16 20:22:56,cancelled
72,79,293,2,614.12,2026-01-18 01:15:29,returned
107,11,380,2,124.54,2026-03-12 05:35:12,completed
271,80,93,2,971.18,2026-01-27 12:39:59,returned
861,6,258,4,1173.24,2026-03-29 03:18:13,completed
436,93,496,1,487.99,2026-01-12 03:18:29,completed
103,20,122,5,1998.85,2026-03-14 10:34:55,returned
