run_ts,implementation,input_rows,clean_rows,seconds,peak_mem_mb,rows_per_sec
2026-10-08 08:52:54.293706,pandas,102000,97993,0.2856982001103461,118.9453125,357020.1000937501
2026-10-08 08:52:55.427843,duckdb,102000,97993,0.27789480006322265,129.85546875,367045.3710425471
2026-10-08 08:52:56.50611,pandas,102000,97993,0.275930899893865,119.15234375,369657.76590890554
2026-10-08 08:52:57.635351,duckdb,102000,97993,0.282524700043723,132.3125,361030.3806506641
2026-10-08 08:52:58.749937,pandas,102000,97993,0.2857933999039233,117.81640625,356901.17418488284
2026-10-08 08:52:59.843642,duckdb,102000,97993,0.2805858999490738,133.3359375,363525.03820937884
2026-10-08 08:53:07.609613,pandas,1020000,980327,2.9751022001728415,244.5390625,342845.36509056465
2026-10-08 08:53:08.867324,duckdb,1020000,980327,0.4400897000450641,327.76953125,2317709.3212941694
2026-10-08 08:53:12.334506,pandas,1020000,980327,2.6028245999477804,244.2890625,391881.957785578
2026-10-08 08:53:13.607943,duckdb,1020000,980327,0.457640300039202,330.546875,2228824.6902919733
2026-10-08 08:53:16.955254,pandas,1020000,980327,2.5527937998995185,245.234375,399562.2364956185
2026-10-08 08:53:18.235555,duckdb,1020000,980327,0.46964960009790957,328.7421875,2171831.935526735
2026-10-08 08:53:59.821028,pandas,5100000,4900796,13.271422300022095,873.68359375,384284.3581272754
2026-10-08 08:54:02.045241,duckdb,5100000,4900796,1.3268535998649895,1204.875,3843679.514091786
2026-10-08 08:54:16.051931,pandas,5100000,4900796,13.173892499879003,873.93359375,387129.3165665988
2026-10-08 08:54:18.39177,duckdb,5100000,4900796,1.489958900026977,1202.59375,3422913.209154736
2026-10-08 08:54:32.198234,pandas,5100000,4900796,12.974477600073442,875.0234375,393079.4099926714
2026-10-08 08:54:34.421657,duckdb,5100000,4900796,1.3576831000391394,1200.828125,3756399.412980081
